{
  "creds": {
    "noiseKey": {
      "private": {
        "type": "Buffer",
        "data": "UG5+0gvQd/WNMI0BmB/8R4PXSLFVGGGogS94mxrjx1E="
      },
      "public": {
        "type": "Buffer",
        "data": "EH24KSNP4curu94DeaKJrlI2INSSTXsNWkwOfT8Wqmg="
      }
    },
    "signedIdentityKey": {
      "private": {
        "type": "Buffer",
        "data": "QP4hzFRcFc0U11q2KT3k0f1lAbLooiKPZDgk9jZVoHM="
      },
      "public": {
        "type": "Buffer",
        "data": "LHGG+HbcNfZvskm0+rGiVTW7B3nWjaVAx5IC5wyDt3w="
      }
    },
    "signedPreKey": {
      "keyPair": {
        "private": {
          "type": "Buffer",
          "data": "4CLvhxiqE+ZdkjIJd0bYppNIU42FkAG5GUUipFzY+FI="
        },
        "public": {
          "type": "Buffer",
          "data": "aHyYkccTX7ExGizQs0jZonmr0jW/46fXxJg1ZETQL3I="
        }
      },
      "signature": {
        "type": "Buffer",
        "data": "hnvnEkJlVotTjrtMPoJc68O4QjmHxHgx/5LY5e9Fd7L++cH3k1zMPfhquVgHmJ77TjLb7dOdq/4SsmydlwfnjQ=="
      },
      "keyId": 1
    },
    "registrationId": 203,
    "advSecretKey": "gQldbAYedoUFEiOHZsLcLOWeJlxK9HNcegBf9R2jgTg=",
    "nextPreKeyId": 31,
    "firstUnuploadedPreKeyId": 31,
    "serverHasPreKeys": true,
    "account": {
      "details": "CKyDjswDEJfp7pUGGAE=",
      "accountSignatureKey": "iac68kk86BllxJtpXAO3+ekUQ9wPsWKLpJjiKBuNXnM=",
      "accountSignature": "tyOkx/JYcwouPbSbl7/5IbBij3NBE4j+bJYEPz3ENK9axFIYB04YCiQV5qaUv9qNr3w+fX4sz1sSVH+yK/tAAA==",
      "deviceSignature": "5p3eQ0vaF1YeebVfW5847vgtSOR+n5NbglBIa1uzzaEWYbJdXzQoJGfbDT/OHGQh7iiaRat64N8ndEsk4+e4iw=="
    },
    "me": {
      "id": "6281335334848:14@s.whatsapp.net",
      "verifiedName": "",
      "name": "Bot"
    },
    "signalIdentities": [
      {
        "identifier": {
          "name": "6281335334848:14@s.whatsapp.net",
          "deviceId": 0
        },
        "identifierKey": {
          "type": "Buffer",
          "data": "BYmnOvJJPOgZZcSbaVwDt/npFEPcD7Fii6SY4igbjV5z"
        }
      }
    ],
    "lastAccountSyncTimestamp": 1656468635,
    "myAppStateKeyId": "AAAAABhq"
  },
  "keys": {
    "preKeys": {
      "1": {
        "private": {
          "type": "Buffer",
          "data": "QGW3+yrlOibqG+AExen0mX2nv6IfuYNv7DVwD5vdOWI="
        },
        "public": {
          "type": "Buffer",
          "data": "ANYTpnWtQ+1ODXBx4ACZjXO3bibPjQz7ENyIOQZheTQ="
        }
      },
      "2": {
        "private": {
          "type": "Buffer",
          "data": "mFj2ifkHDJEtpehEhZaxXB3Gbkb2Cd0cBKncW5Q91Gc="
        },
        "public": {
          "type": "Buffer",
          "data": "OodGYYFv46gupTMxJueS4WBoNPQ6aClAZwcH6IanaQU="
        }
      },
      "3": {
        "private": {
          "type": "Buffer",
          "data": "IMfSSw0A/6M6dPaffSHVNocUoC1qbIEJ/4dPRCI3K1g="
        },
        "public": {
          "type": "Buffer",
          "data": "9Kb3Kl+6kvKqeB6AqT3LLs732kRKw3iSEUMv353V3Eo="
        }
      },
      "4": {
        "private": {
          "type": "Buffer",
          "data": "0NWvn+ay53OLIkujGSzZM5cfW7F4kty/ZxSvZsy670A="
        },
        "public": {
          "type": "Buffer",
          "data": "tYMBTAcEw9nIAeZhjZEjW9qXAiYnK6iXuhUlA/RV2kU="
        }
      },
      "5": {
        "private": {
          "type": "Buffer",
          "data": "6AJmDUB2PxYziNO6snAjEfPeELLtKeYKyOGVmXo2cW4="
        },
        "public": {
          "type": "Buffer",
          "data": "aFXU6+TwGZLGPddA1ohJZUtwpBlYy/hRo6Kcu8/TvC0="
        }
      },
      "6": {
        "private": {
          "type": "Buffer",
          "data": "OIIABsMRThEel8UiGIOlo/NJQ8rb0RlmIb7opHxfTUw="
        },
        "public": {
          "type": "Buffer",
          "data": "tbcnknPL4HOL2fxiGV+jiyL/VSIt/4bU3axHnnPENAE="
        }
      },
      "7": {
        "private": {
          "type": "Buffer",
          "data": "CJ6bcSlpaqhmnmvria5Va/x2TwloYASNL5mrRZRL0lE="
        },
        "public": {
          "type": "Buffer",
          "data": "Qzu8JfwomHznqHIoQpMSb+0QY2D+aO0mGXajrnX1Jgo="
        }
      },
      "8": {
        "private": {
          "type": "Buffer",
          "data": "yAAEEFCIrzYEM7JUMuxXpFVq1MePOFIJpEz0xmLXqW4="
        },
        "public": {
          "type": "Buffer",
          "data": "Mu8wuyfCAAbPd8vhWq12BwQRr4y+0OlkBuqE0vH9TVE="
        }
      },
      "9": {
        "private": {
          "type": "Buffer",
          "data": "oOYOtJlCmw7qtzDf5Cw4UdLzEkfDwPy9vmaytPFRTl4="
        },
        "public": {
          "type": "Buffer",
          "data": "hEsokLtigkEiCLl/8Ab0BigSXs5zlmB2MB5anoOUpEU="
        }
      },
      "10": null,
      "11": {
        "private": {
          "type": "Buffer",
          "data": "uILm7v46E14zyyXtJQcDmJBQN1LQPuTFaJq5dxIAmFM="
        },
        "public": {
          "type": "Buffer",
          "data": "NFlfYsWQyDWYz12ksjOJg4EWuANDYWuVfdP44QLe0XY="
        }
      },
      "12": {
        "private": {
          "type": "Buffer",
          "data": "EOU1Rrg1pJwuEvuRLlv8YGgu7VUNcOyMFgRGVEI9t3w="
        },
        "public": {
          "type": "Buffer",
          "data": "idtzJ8CXSOtYmAj2YUDo/eVmc3LkiXp2Dof6N/JVJiw="
        }
      },
      "13": {
        "private": {
          "type": "Buffer",
          "data": "wLMkCWblE+/QW6nSAqJn1m6M18PTYOFeut7u27UfHXw="
        },
        "public": {
          "type": "Buffer",
          "data": "Us/4d1tDWwMmcTKy011gcwGo117+VgiK+9pLSVBBPgs="
        }
      },
      "14": {
        "private": {
          "type": "Buffer",
          "data": "qJy/ep012vuMN0PsreNFRXaM/Z9tU2+82Q7TgZ67eHc="
        },
        "public": {
          "type": "Buffer",
          "data": "nB/ATlmlz1Lf5Vnwzj/Ik3qKkDMCf3nHCpV6BvcIeVI="
        }
      },
      "15": {
        "private": {
          "type": "Buffer",
          "data": "mJ0cdVh2tXu0tZ8O+h/jM+IAQfLEVt2uRc0J0TJaSGg="
        },
        "public": {
          "type": "Buffer",
          "data": "2DZWB8nF19nheKiFwXw6Q/ml4PbVHzkW3L2mEhaxAxc="
        }
      },
      "16": {
        "private": {
          "type": "Buffer",
          "data": "gNT4qqOenQF2Sk5wsGyGiMDiSoFaA2/gJJx06Y8M5Vw="
        },
        "public": {
          "type": "Buffer",
          "data": "1nFEWrBaBlKYQHiQQqiYwZX23LiEAUbsisy+hiHKCVA="
        }
      },
      "17": {
        "private": {
          "type": "Buffer",
          "data": "OGrVu0Nyej3SLZPH+y4ChIjt58K3KK0uCWENV2QOHlA="
        },
        "public": {
          "type": "Buffer",
          "data": "1g8qEuQr2Ni1HKJPZ6QgDezW4saexfSSzgabYhBZO1I="
        }
      },
      "18": {
        "private": {
          "type": "Buffer",
          "data": "SF9yDmytIN4RtTzaFC0QMzmqqQFq42DniVj43C9BV0c="
        },
        "public": {
          "type": "Buffer",
          "data": "otulS4BS/CnCWUpTCDwvlmJ4ySwdlCDR+5WSpIKMsHI="
        }
      },
      "19": {
        "private": {
          "type": "Buffer",
          "data": "cDNl4vgDWog0ez6CI94fSakNRmXZiKwTZ8df60KQyF0="
        },
        "public": {
          "type": "Buffer",
          "data": "4cS7BDHYywWkIfoTCxqDx+peSzcWFWAF7jprJI0KlCE="
        }
      },
      "20": {
        "private": {
          "type": "Buffer",
          "data": "GFw2zGQLlBCSXgGbkSFcHZYfboabl9Mir5l8LynU5lk="
        },
        "public": {
          "type": "Buffer",
          "data": "A4+R7nk5mLMDwVqs8yCN+Lo9N9+8wv2GGsxh7+bq4QU="
        }
      },
      "21": {
        "private": {
          "type": "Buffer",
          "data": "iLCpv7qIwVh4K5e/Mx23sVe+BxDcWTJ834598a0aIkA="
        },
        "public": {
          "type": "Buffer",
          "data": "EbUzNEJnOpT65DiWGzwKJiQ9l+d4k9F9yA+Lva18MnI="
        }
      },
      "22": {
        "private": {
          "type": "Buffer",
          "data": "kFwTUfsrKDAX2NsXTJwLYAuJCPiTsLE9UL+BYbizYmI="
        },
        "public": {
          "type": "Buffer",
          "data": "Q09R0lZo/vXe0LZ0yRNJNofLI+J2vZvnjxKyOtuSfy4="
        }
      },
      "23": {
        "private": {
          "type": "Buffer",
          "data": "SE3JL5JNG7CL9E/3n/LFdE6Alj8oaG5PcqnH47yg90U="
        },
        "public": {
          "type": "Buffer",
          "data": "byXIMzFyMC0QjC4fLxUVotv//XN01OGxPRIZ4yq/pB0="
        }
      },
      "24": {
        "private": {
          "type": "Buffer",
          "data": "yA8PZfGrocWmg/ynij75nQAOUKPyOiB/ey2MCX/X7Xw="
        },
        "public": {
          "type": "Buffer",
          "data": "QjOli3EYX+2ucu4M7xcNETgNDUI0rIwG3gKJgWpoZEQ="
        }
      },
      "25": {
        "private": {
          "type": "Buffer",
          "data": "QC12hIH88jlV4ilLq1twP74LNg5udVpx5Fr/jMW02mM="
        },
        "public": {
          "type": "Buffer",
          "data": "unDnSsHjhFao1/EbtKpE/Nuy5cpmLX+REAjMdtn1hD8="
        }
      },
      "26": {
        "private": {
          "type": "Buffer",
          "data": "GJ3ZDNeuj9Ntx/ZC+jzoWk+DADw8Lau7bBrE9mG5wFs="
        },
        "public": {
          "type": "Buffer",
          "data": "MCSbA3Gfxwf/ipnk5g7OnEKCFhUvUmWp7++fpaXPHTk="
        }
      },
      "27": {
        "private": {
          "type": "Buffer",
          "data": "gN/Nom2rTdvxNsiNpA66mQXfzrWDjcRfYjnfG6R8t3w="
        },
        "public": {
          "type": "Buffer",
          "data": "JzaytiqZI46T2gDuT/6vhTjFvq6Yl6G0ZzvMJ6snYx8="
        }
      },
      "28": {
        "private": {
          "type": "Buffer",
          "data": "CHw8xlhFpRK5Bf3yL9L1+V8d/LjWr/BSj84Wn5IhKmA="
        },
        "public": {
          "type": "Buffer",
          "data": "zEj94SQgj76hQBJMVaFiLiPsqlwXvdwhLepIWzoReys="
        }
      },
      "29": {
        "private": {
          "type": "Buffer",
          "data": "iDRM+1kYRyPIwc2MmKP5x2KIK/jr4gGQKrK+xpAwumM="
        },
        "public": {
          "type": "Buffer",
          "data": "8dq8GHUEEnu1ASmFk77auQtvU6ho8A1tcwQFazkMB34="
        }
      },
      "30": {
        "private": {
          "type": "Buffer",
          "data": "iGYqzeOQ7STDviYqdHsaweFxmnW6hQuMESwf9DQPP18="
        },
        "public": {
          "type": "Buffer",
          "data": "UMjxG+sfl5USgkOpETt5+T4JAJIIRN8O1YGeobcvnGE="
        }
      }
    },
    "sessions": {
      "6281335334848.0": {
        "_sessions": {
          "BRcfetvJyO3T4bKic5+kDqAxBLhKnVHtZOwkf53c5r9K": {
            "registrationId": 2113601922,
            "currentRatchet": {
              "ephemeralKeyPair": {
                "pubKey": "BcEOjfYj2hxGuJw3L9E+mL0fEJYeNFLXgjOWKw/tCvdg",
                "privKey": "wAh2MPUXXzG1rDk4+csWxD92rpKRjJqRqUYCfypGNU0="
              },
              "lastRemoteEphemeralKey": "BTJO04+8f1BSa0+mssvvjSshYMjBILcyub919Bt8DpRM",
              "previousCounter": 0,
              "rootKey": "sY3cyiis6ISiRr/tuYVzB+KvHdTenmJIufk1I9a0f8E="
            },
            "indexInfo": {
              "baseKey": "BRcfetvJyO3T4bKic5+kDqAxBLhKnVHtZOwkf53c5r9K",
              "baseKeyType": 2,
              "closed": -1,
              "used": 1656468638047,
              "created": 1656468638047,
              "remoteIdentityKey": "BYmnOvJJPOgZZcSbaVwDt/npFEPcD7Fii6SY4igbjV5z"
            },
            "_chains": {
              "BTJO04+8f1BSa0+mssvvjSshYMjBILcyub919Bt8DpRM": {
                "chainKey": {
                  "counter": 6,
                  "key": "tetMGWIiQ7NukNeVPdXfIsuhWJABhyk0xXPHoTHbHk8="
                },
                "chainType": 2,
                "messageKeys": {}
              },
              "BcEOjfYj2hxGuJw3L9E+mL0fEJYeNFLXgjOWKw/tCvdg": {
                "chainKey": {
                  "counter": -1,
                  "key": "Gk8+ZETjmt5Rjx4hPs8KkquKweFBKEmnDlf+lgpgJAo="
                },
                "chainType": 1,
                "messageKeys": {}
              }
            }
          }
        },
        "version": "v1"
      }
    },
    "appStateSyncKeys": {
      "AAAAABhq": {
        "keyData": "ncdcQSJKyINQfV2wjq2QvpA1Y796Zdnyx2FPBDz1CjA=",
        "fingerprint": {
          "rawId": 964919724,
          "currentIndex": 1,
          "deviceIndexes": [
            0,
            1
          ]
        },
        "timestamp": "1656468639067"
      }
    }
  }
}
